{
 "filetype": "conformal-table",
 "data": [
  {
   "Object": "/top2_r_ptr_reg_4/U$1",
   "Type": "DFF",
   "Mapping": "/top2/r_ptr_reg[4]",
   "Phase": "+",
   "User Setup object phase inversion": "+",
   "User Setup mapped object phase inversion": "",
   "highlite": 0
  },
  {
   "Object": "/top1_w_ptr_reg_4/U$1",
   "Type": "DFF",
   "Mapping": "/top1/w_ptr_reg[4]",
   "Phase": "+",
   "User Setup object phase inversion": "+",
   "User Setup mapped object phase inversion": "",
   "highlite": 0
  },
  {
   "Object": "/top1_w_ptr_reg_3/U$1",
   "Type": "DFF",
   "Mapping": "/top1/w_ptr_reg[3]",
   "Phase": "+",
   "User Setup object phase inversion": "+",
   "User Setup mapped object phase inversion": "",
   "highlite": 0
  },
  {
   "Object": "/top3_data_out2_reg_13_6/U$1",
   "Type": "DFF",
   "Mapping": "/top3/data_out2_reg[13][6]",
   "Phase": "+",
   "User Setup object phase inversion": "+",
   "User Setup mapped object phase inversion": "",
   "highlite": 0
  },
  {
   "Object": "/top3_data_out2_reg_15_7/U$1",
   "Type": "DFF",
   "Mapping": "/top3/data_out2_reg[15][7]",
   "Phase": "+",
   "User Setup object phase inversion": "+",
   "User Setup mapped object phase inversion": "",
   "highlite": 0
  },
  {
   "Object": "/top3_data_out2_reg_5_0/U$1",
   "Type": "DFF",
   "Mapping": "/top3/data_out2_reg[5][0]",
   "Phase": "+",
   "User Setup object phase inversion": "+",
   "User Setup mapped object phase inversion": "",
   "highlite": 0
  },
  {
   "Object": "/top3_data_out2_reg_5_1/U$1",
   "Type": "DFF",
   "Mapping": "/top3/data_out2_reg[5][1]",
   "Phase": "+",
   "User Setup object phase inversion": "+",
   "User Setup mapped object phase inversion": "",
   "highlite": 0
  },
  {
   "Object": "/top3_data_out2_reg_5_2/U$1",
   "Type": "DFF",
   "Mapping": "/top3/data_out2_reg[5][2]",
   "Phase": "+",
   "User Setup object phase inversion": "+",
   "User Setup mapped object phase inversion": "",
   "highlite": 0
  },
  {
   "Object": "/top3_data_out2_reg_5_3/U$1",
   "Type": "DFF",
   "Mapping": "/top3/data_out2_reg[5][3]",
   "Phase": "+",
   "User Setup object phase inversion": "+",
   "User Setup mapped object phase inversion": "",
   "highlite": 0
  },
  {
   "Object": "/top3_data_out2_reg_5_4/U$1",
   "Type": "DFF",
   "Mapping": "/top3/data_out2_reg[5][4]",
   "Phase": "+",
   "User Setup object phase inversion": "+",
   "User Setup mapped object phase inversion": "",
   "highlite": 0
  },
  {
   "Object": "/top3_data_out2_reg_7_4/U$1",
   "Type": "DFF",
   "Mapping": "/top3/data_out2_reg[7][4]",
   "Phase": "+",
   "User Setup object phase inversion": "+",
   "User Setup mapped object phase inversion": "",
   "highlite": 0
  },
  {
   "Object": "/top3_data_out2_reg_5_6/U$1",
   "Type": "DFF",
   "Mapping": "/top3/data_out2_reg[5][6]",
   "Phase": "+",
   "User Setup object phase inversion": "+",
   "User Setup mapped object phase inversion": "",
   "highlite": 0
  },
  {
   "Object": "/top3_data_out2_reg_5_7/U$1",
   "Type": "DFF",
   "Mapping": "/top3/data_out2_reg[5][7]",
   "Phase": "+",
   "User Setup object phase inversion": "+",
   "User Setup mapped object phase inversion": "",
   "highlite": 0
  },
  {
   "Object": "/top3_data_out2_reg_5_5/U$1",
   "Type": "DFF",
   "Mapping": "/top3/data_out2_reg[5][5]",
   "Phase": "+",
   "User Setup object phase inversion": "+",
   "User Setup mapped object phase inversion": "",
   "highlite": 0
  },
  {
   "Object": "/top3_data_out2_reg_7_0/U$1",
   "Type": "DFF",
   "Mapping": "/top3/data_out2_reg[7][0]",
   "Phase": "+",
   "User Setup object phase inversion": "+",
   "User Setup mapped object phase inversion": "",
   "highlite": 0
  },
  {
   "Object": "/top3_data_out2_reg_7_2/U$1",
   "Type": "DFF",
   "Mapping": "/top3/data_out2_reg[7][2]",
   "Phase": "+",
   "User Setup object phase inversion": "+",
   "User Setup mapped object phase inversion": "",
   "highlite": 0
  },
  {
   "Object": "/top3_data_out2_reg_7_3/U$1",
   "Type": "DFF",
   "Mapping": "/top3/data_out2_reg[7][3]",
   "Phase": "+",
   "User Setup object phase inversion": "+",
   "User Setup mapped object phase inversion": "",
   "highlite": 0
  },
  {
   "Object": "/top3_data_out2_reg_7_1/U$1",
   "Type": "DFF",
   "Mapping": "/top3/data_out2_reg[7][1]",
   "Phase": "+",
   "User Setup object phase inversion": "+",
   "User Setup mapped object phase inversion": "",
   "highlite": 0
  },
  {
   "Object": "/top3_data_out2_reg_7_5/U$1",
   "Type": "DFF",
   "Mapping": "/top3/data_out2_reg[7][5]",
   "Phase": "+",
   "User Setup object phase inversion": "+",
   "User Setup mapped object phase inversion": "",
   "highlite": 0
  },
  {
   "Object": "/top3_data_out2_reg_15_6/U$1",
   "Type": "DFF",
   "Mapping": "/top3/data_out2_reg[15][6]",
   "Phase": "+",
   "User Setup object phase inversion": "+",
   "User Setup mapped object phase inversion": "",
   "highlite": 0
  },
  {
   "Object": "/top3_data_out2_reg_13_0/U$1",
   "Type": "DFF",
   "Mapping": "/top3/data_out2_reg[13][0]",
   "Phase": "+",
   "User Setup object phase inversion": "+",
   "User Setup mapped object phase inversion": "",
   "highlite": 0
  },
  {
   "Object": "/top3_data_out2_reg_13_1/U$1",
   "Type": "DFF",
   "Mapping": "/top3/data_out2_reg[13][1]",
   "Phase": "+",
   "User Setup object phase inversion": "+",
   "User Setup mapped object phase inversion": "",
   "highlite": 0
  },
  {
   "Object": "/top3_data_out2_reg_13_2/U$1",
   "Type": "DFF",
   "Mapping": "/top3/data_out2_reg[13][2]",
   "Phase": "+",
   "User Setup object phase inversion": "+",
   "User Setup mapped object phase inversion": "",
   "highlite": 0
  },
  {
   "Object": "/top3_data_out2_reg_13_3/U$1",
   "Type": "DFF",
   "Mapping": "/top3/data_out2_reg[13][3]",
   "Phase": "+",
   "User Setup object phase inversion": "+",
   "User Setup mapped object phase inversion": "",
   "highlite": 0
  },
  {
   "Object": "/top3_data_out2_reg_13_4/U$1",
   "Type": "DFF",
   "Mapping": "/top3/data_out2_reg[13][4]",
   "Phase": "+",
   "User Setup object phase inversion": "+",
   "User Setup mapped object phase inversion": "",
   "highlite": 0
  },
  {
   "Object": "/top3_data_out2_reg_13_5/U$1",
   "Type": "DFF",
   "Mapping": "/top3/data_out2_reg[13][5]",
   "Phase": "+",
   "User Setup object phase inversion": "+",
   "User Setup mapped object phase inversion": "",
   "highlite": 0
  },
  {
   "Object": "/top3_data_out2_reg_7_6/U$1",
   "Type": "DFF",
   "Mapping": "/top3/data_out2_reg[7][6]",
   "Phase": "+",
   "User Setup object phase inversion": "+",
   "User Setup mapped object phase inversion": "",
   "highlite": 0
  },
  {
   "Object": "/top3_data_out2_reg_13_7/U$1",
   "Type": "DFF",
   "Mapping": "/top3/data_out2_reg[13][7]",
   "Phase": "+",
   "User Setup object phase inversion": "+",
   "User Setup mapped object phase inversion": "",
   "highlite": 0
  },
  {
   "Object": "/top3_data_out2_reg_15_0/U$1",
   "Type": "DFF",
   "Mapping": "/top3/data_out2_reg[15][0]",
   "Phase": "+",
   "User Setup object phase inversion": "+",
   "User Setup mapped object phase inversion": "",
   "highlite": 0
  },
  {
   "Object": "/top3_data_out2_reg_15_1/U$1",
   "Type": "DFF",
   "Mapping": "/top3/data_out2_reg[15][1]",
   "Phase": "+",
   "User Setup object phase inversion": "+",
   "User Setup mapped object phase inversion": "",
   "highlite": 0
  },
  {
   "Object": "/top3_data_out2_reg_15_2/U$1",
   "Type": "DFF",
   "Mapping": "/top3/data_out2_reg[15][2]",
   "Phase": "+",
   "User Setup object phase inversion": "+",
   "User Setup mapped object phase inversion": "",
   "highlite": 0
  },
  {
   "Object": "/top3_data_out2_reg_15_3/U$1",
   "Type": "DFF",
   "Mapping": "/top3/data_out2_reg[15][3]",
   "Phase": "+",
   "User Setup object phase inversion": "+",
   "User Setup mapped object phase inversion": "",
   "highlite": 0
  },
  {
   "Object": "/top3_data_out2_reg_15_4/U$1",
   "Type": "DFF",
   "Mapping": "/top3/data_out2_reg[15][4]",
   "Phase": "+",
   "User Setup object phase inversion": "+",
   "User Setup mapped object phase inversion": "",
   "highlite": 0
  },
  {
   "Object": "/top3_data_out2_reg_15_5/U$1",
   "Type": "DFF",
   "Mapping": "/top3/data_out2_reg[15][5]",
   "Phase": "+",
   "User Setup object phase inversion": "+",
   "User Setup mapped object phase inversion": "",
   "highlite": 0
  },
  {
   "Object": "/top3_data_out2_reg_7_7/U$1",
   "Type": "DFF",
   "Mapping": "/top3/data_out2_reg[7][7]",
   "Phase": "+",
   "User Setup object phase inversion": "+",
   "User Setup mapped object phase inversion": "",
   "highlite": 0
  },
  {
   "Object": "/top3_data_out2_reg_4_5/U$1",
   "Type": "DFF",
   "Mapping": "/top3/data_out2_reg[4][5]",
   "Phase": "+",
   "User Setup object phase inversion": "+",
   "User Setup mapped object phase inversion": "",
   "highlite": 0
  },
  {
   "Object": "/top3_data_out2_reg_4_1/U$1",
   "Type": "DFF",
   "Mapping": "/top3/data_out2_reg[4][1]",
   "Phase": "+",
   "User Setup object phase inversion": "+",
   "User Setup mapped object phase inversion": "",
   "highlite": 0
  },
  {
   "Object": "/top3_data_out2_reg_4_2/U$1",
   "Type": "DFF",
   "Mapping": "/top3/data_out2_reg[4][2]",
   "Phase": "+",
   "User Setup object phase inversion": "+",
   "User Setup mapped object phase inversion": "",
   "highlite": 0
  },
  {
   "Object": "/top3_data_out2_reg_4_3/U$1",
   "Type": "DFF",
   "Mapping": "/top3/data_out2_reg[4][3]",
   "Phase": "+",
   "User Setup object phase inversion": "+",
   "User Setup mapped object phase inversion": "",
   "highlite": 0
  },
  {
   "Object": "/top3_data_out2_reg_4_4/U$1",
   "Type": "DFF",
   "Mapping": "/top3/data_out2_reg[4][4]",
   "Phase": "+",
   "User Setup object phase inversion": "+",
   "User Setup mapped object phase inversion": "",
   "highlite": 0
  },
  {
   "Object": "/top3_data_out2_reg_4_6/U$1",
   "Type": "DFF",
   "Mapping": "/top3/data_out2_reg[4][6]",
   "Phase": "+",
   "User Setup object phase inversion": "+",
   "User Setup mapped object phase inversion": "",
   "highlite": 0
  },
  {
   "Object": "/top3_data_out2_reg_4_7/U$1",
   "Type": "DFF",
   "Mapping": "/top3/data_out2_reg[4][7]",
   "Phase": "+",
   "User Setup object phase inversion": "+",
   "User Setup mapped object phase inversion": "",
   "highlite": 0
  },
  {
   "Object": "/top3_data_out2_reg_4_0/U$1",
   "Type": "DFF",
   "Mapping": "/top3/data_out2_reg[4][0]",
   "Phase": "+",
   "User Setup object phase inversion": "+",
   "User Setup mapped object phase inversion": "",
   "highlite": 0
  },
  {
   "Object": "/top3_data_out2_reg_6_0/U$1",
   "Type": "DFF",
   "Mapping": "/top3/data_out2_reg[6][0]",
   "Phase": "+",
   "User Setup object phase inversion": "+",
   "User Setup mapped object phase inversion": "",
   "highlite": 0
  },
  {
   "Object": "/top3_data_out2_reg_6_1/U$1",
   "Type": "DFF",
   "Mapping": "/top3/data_out2_reg[6][1]",
   "Phase": "+",
   "User Setup object phase inversion": "+",
   "User Setup mapped object phase inversion": "",
   "highlite": 0
  },
  {
   "Object": "/top3_data_out2_reg_6_2/U$1",
   "Type": "DFF",
   "Mapping": "/top3/data_out2_reg[6][2]",
   "Phase": "+",
   "User Setup object phase inversion": "+",
   "User Setup mapped object phase inversion": "",
   "highlite": 0
  },
  {
   "Object": "/top3_data_out2_reg_6_3/U$1",
   "Type": "DFF",
   "Mapping": "/top3/data_out2_reg[6][3]",
   "Phase": "+",
   "User Setup object phase inversion": "+",
   "User Setup mapped object phase inversion": "",
   "highlite": 0
  },
  {
   "Object": "/top3_data_out2_reg_6_4/U$1",
   "Type": "DFF",
   "Mapping": "/top3/data_out2_reg[6][4]",
   "Phase": "+",
   "User Setup object phase inversion": "+",
   "User Setup mapped object phase inversion": "",
   "highlite": 0
  },
  {
   "Object": "/top3_data_out2_reg_6_7/U$1",
   "Type": "DFF",
   "Mapping": "/top3/data_out2_reg[6][7]",
   "Phase": "+",
   "User Setup object phase inversion": "+",
   "User Setup mapped object phase inversion": "",
   "highlite": 0
  },
  {
   "Object": "/top2_r_ptr_reg_3/U$1",
   "Type": "DFF",
   "Mapping": "/top2/r_ptr_reg[3]",
   "Phase": "+",
   "User Setup object phase inversion": "+",
   "User Setup mapped object phase inversion": "",
   "highlite": 0
  },
  {
   "Object": "/top3_data_out2_reg_12_5/U$1",
   "Type": "DFF",
   "Mapping": "/top3/data_out2_reg[12][5]",
   "Phase": "+",
   "User Setup object phase inversion": "+",
   "User Setup mapped object phase inversion": "",
   "highlite": 0
  },
  {
   "Object": "/top3_data_out2_reg_6_6/U$1",
   "Type": "DFF",
   "Mapping": "/top3/data_out2_reg[6][6]",
   "Phase": "+",
   "User Setup object phase inversion": "+",
   "User Setup mapped object phase inversion": "",
   "highlite": 0
  },
  {
   "Object": "/top3_data_out2_reg_12_0/U$1",
   "Type": "DFF",
   "Mapping": "/top3/data_out2_reg[12][0]",
   "Phase": "+",
   "User Setup object phase inversion": "+",
   "User Setup mapped object phase inversion": "",
   "highlite": 0
  },
  {
   "Object": "/top3_data_out2_reg_12_1/U$1",
   "Type": "DFF",
   "Mapping": "/top3/data_out2_reg[12][1]",
   "Phase": "+",
   "User Setup object phase inversion": "+",
   "User Setup mapped object phase inversion": "",
   "highlite": 0
  },
  {
   "Object": "/top3_data_out2_reg_12_2/U$1",
   "Type": "DFF",
   "Mapping": "/top3/data_out2_reg[12][2]",
   "Phase": "+",
   "User Setup object phase inversion": "+",
   "User Setup mapped object phase inversion": "",
   "highlite": 0
  },
  {
   "Object": "/top3_data_out2_reg_12_3/U$1",
   "Type": "DFF",
   "Mapping": "/top3/data_out2_reg[12][3]",
   "Phase": "+",
   "User Setup object phase inversion": "+",
   "User Setup mapped object phase inversion": "",
   "highlite": 0
  },
  {
   "Object": "/top3_data_out2_reg_12_4/U$1",
   "Type": "DFF",
   "Mapping": "/top3/data_out2_reg[12][4]",
   "Phase": "+",
   "User Setup object phase inversion": "+",
   "User Setup mapped object phase inversion": "",
   "highlite": 0
  },
  {
   "Object": "/top3_data_out2_reg_12_6/U$1",
   "Type": "DFF",
   "Mapping": "/top3/data_out2_reg[12][6]",
   "Phase": "+",
   "User Setup object phase inversion": "+",
   "User Setup mapped object phase inversion": "",
   "highlite": 0
  },
  {
   "Object": "/top3_data_out2_reg_12_7/U$1",
   "Type": "DFF",
   "Mapping": "/top3/data_out2_reg[12][7]",
   "Phase": "+",
   "User Setup object phase inversion": "+",
   "User Setup mapped object phase inversion": "",
   "highlite": 0
  },
  {
   "Object": "/top3_data_out2_reg_6_5/U$1",
   "Type": "DFF",
   "Mapping": "/top3/data_out2_reg[6][5]",
   "Phase": "+",
   "User Setup object phase inversion": "+",
   "User Setup mapped object phase inversion": "",
   "highlite": 0
  },
  {
   "Object": "/top3_data_out2_reg_14_0/U$1",
   "Type": "DFF",
   "Mapping": "/top3/data_out2_reg[14][0]",
   "Phase": "+",
   "User Setup object phase inversion": "+",
   "User Setup mapped object phase inversion": "",
   "highlite": 0
  },
  {
   "Object": "/top3_data_out2_reg_14_1/U$1",
   "Type": "DFF",
   "Mapping": "/top3/data_out2_reg[14][1]",
   "Phase": "+",
   "User Setup object phase inversion": "+",
   "User Setup mapped object phase inversion": "",
   "highlite": 0
  },
  {
   "Object": "/top3_data_out2_reg_14_2/U$1",
   "Type": "DFF",
   "Mapping": "/top3/data_out2_reg[14][2]",
   "Phase": "+",
   "User Setup object phase inversion": "+",
   "User Setup mapped object phase inversion": "",
   "highlite": 0
  },
  {
   "Object": "/top3_data_out2_reg_14_3/U$1",
   "Type": "DFF",
   "Mapping": "/top3/data_out2_reg[14][3]",
   "Phase": "+",
   "User Setup object phase inversion": "+",
   "User Setup mapped object phase inversion": "",
   "highlite": 0
  },
  {
   "Object": "/top3_data_out2_reg_14_4/U$1",
   "Type": "DFF",
   "Mapping": "/top3/data_out2_reg[14][4]",
   "Phase": "+",
   "User Setup object phase inversion": "+",
   "User Setup mapped object phase inversion": "",
   "highlite": 0
  },
  {
   "Object": "/top3_data_out2_reg_14_7/U$1",
   "Type": "DFF",
   "Mapping": "/top3/data_out2_reg[14][7]",
   "Phase": "+",
   "User Setup object phase inversion": "+",
   "User Setup mapped object phase inversion": "",
   "highlite": 0
  },
  {
   "Object": "/top3_data_out2_reg_14_6/U$1",
   "Type": "DFF",
   "Mapping": "/top3/data_out2_reg[14][6]",
   "Phase": "+",
   "User Setup object phase inversion": "+",
   "User Setup mapped object phase inversion": "",
   "highlite": 0
  },
  {
   "Object": "/top3_data_out2_reg_14_5/U$1",
   "Type": "DFF",
   "Mapping": "/top3/data_out2_reg[14][5]",
   "Phase": "+",
   "User Setup object phase inversion": "+",
   "User Setup mapped object phase inversion": "",
   "highlite": 0
  },
  {
   "Object": "/top3_data_out2_reg_9_4/U$1",
   "Type": "DFF",
   "Mapping": "/top3/data_out2_reg[9][4]",
   "Phase": "+",
   "User Setup object phase inversion": "+",
   "User Setup mapped object phase inversion": "",
   "highlite": 0
  },
  {
   "Object": "/top3_data_out2_reg_11_3/U$1",
   "Type": "DFF",
   "Mapping": "/top3/data_out2_reg[11][3]",
   "Phase": "+",
   "User Setup object phase inversion": "+",
   "User Setup mapped object phase inversion": "",
   "highlite": 0
  },
  {
   "Object": "/top3_data_out2_reg_3_2/U$1",
   "Type": "DFF",
   "Mapping": "/top3/data_out2_reg[3][2]",
   "Phase": "+",
   "User Setup object phase inversion": "+",
   "User Setup mapped object phase inversion": "",
   "highlite": 0
  },
  {
   "Object": "/top3_data_out2_reg_11_6/U$1",
   "Type": "DFF",
   "Mapping": "/top3/data_out2_reg[11][6]",
   "Phase": "+",
   "User Setup object phase inversion": "+",
   "User Setup mapped object phase inversion": "",
   "highlite": 0
  },
  {
   "Object": "/top3_data_out2_reg_1_0/U$1",
   "Type": "DFF",
   "Mapping": "/top3/data_out2_reg[1][0]",
   "Phase": "+",
   "User Setup object phase inversion": "+",
   "User Setup mapped object phase inversion": "",
   "highlite": 0
  },
  {
   "Object": "/top3_data_out2_reg_1_1/U$1",
   "Type": "DFF",
   "Mapping": "/top3/data_out2_reg[1][1]",
   "Phase": "+",
   "User Setup object phase inversion": "+",
   "User Setup mapped object phase inversion": "",
   "highlite": 0
  },
  {
   "Object": "/top3_data_out2_reg_1_2/U$1",
   "Type": "DFF",
   "Mapping": "/top3/data_out2_reg[1][2]",
   "Phase": "+",
   "User Setup object phase inversion": "+",
   "User Setup mapped object phase inversion": "",
   "highlite": 0
  },
  {
   "Object": "/top3_data_out2_reg_1_3/U$1",
   "Type": "DFF",
   "Mapping": "/top3/data_out2_reg[1][3]",
   "Phase": "+",
   "User Setup object phase inversion": "+",
   "User Setup mapped object phase inversion": "",
   "highlite": 0
  },
  {
   "Object": "/top3_data_out2_reg_1_4/U$1",
   "Type": "DFF",
   "Mapping": "/top3/data_out2_reg[1][4]",
   "Phase": "+",
   "User Setup object phase inversion": "+",
   "User Setup mapped object phase inversion": "",
   "highlite": 0
  },
  {
   "Object": "/top3_data_out2_reg_1_5/U$1",
   "Type": "DFF",
   "Mapping": "/top3/data_out2_reg[1][5]",
   "Phase": "+",
   "User Setup object phase inversion": "+",
   "User Setup mapped object phase inversion": "",
   "highlite": 0
  },
  {
   "Object": "/top3_data_out2_reg_1_6/U$1",
   "Type": "DFF",
   "Mapping": "/top3/data_out2_reg[1][6]",
   "Phase": "+",
   "User Setup object phase inversion": "+",
   "User Setup mapped object phase inversion": "",
   "highlite": 0
  },
  {
   "Object": "/top3_data_out2_reg_1_7/U$1",
   "Type": "DFF",
   "Mapping": "/top3/data_out2_reg[1][7]",
   "Phase": "+",
   "User Setup object phase inversion": "+",
   "User Setup mapped object phase inversion": "",
   "highlite": 0
  },
  {
   "Object": "/top3_data_out2_reg_9_0/U$1",
   "Type": "DFF",
   "Mapping": "/top3/data_out2_reg[9][0]",
   "Phase": "+",
   "User Setup object phase inversion": "+",
   "User Setup mapped object phase inversion": "",
   "highlite": 0
  },
  {
   "Object": "/top3_data_out2_reg_9_1/U$1",
   "Type": "DFF",
   "Mapping": "/top3/data_out2_reg[9][1]",
   "Phase": "+",
   "User Setup object phase inversion": "+",
   "User Setup mapped object phase inversion": "",
   "highlite": 0
  },
  {
   "Object": "/top3_data_out2_reg_9_3/U$1",
   "Type": "DFF",
   "Mapping": "/top3/data_out2_reg[9][3]",
   "Phase": "+",
   "User Setup object phase inversion": "+",
   "User Setup mapped object phase inversion": "",
   "highlite": 0
  },
  {
   "Object": "/top1_w_ptr_reg_2/U$1",
   "Type": "DFF",
   "Mapping": "/top1/w_ptr_reg[2]",
   "Phase": "+",
   "User Setup object phase inversion": "+",
   "User Setup mapped object phase inversion": "",
   "highlite": 0
  },
  {
   "Object": "/top3_data_out2_reg_9_5/U$1",
   "Type": "DFF",
   "Mapping": "/top3/data_out2_reg[9][5]",
   "Phase": "+",
   "User Setup object phase inversion": "+",
   "User Setup mapped object phase inversion": "",
   "highlite": 0
  },
  {
   "Object": "/top3_data_out2_reg_9_6/U$1",
   "Type": "DFF",
   "Mapping": "/top3/data_out2_reg[9][6]",
   "Phase": "+",
   "User Setup object phase inversion": "+",
   "User Setup mapped object phase inversion": "",
   "highlite": 0
  },
  {
   "Object": "/top3_data_out2_reg_9_7/U$1",
   "Type": "DFF",
   "Mapping": "/top3/data_out2_reg[9][7]",
   "Phase": "+",
   "User Setup object phase inversion": "+",
   "User Setup mapped object phase inversion": "",
   "highlite": 0
  },
  {
   "Object": "/top3_data_out2_reg_9_2/U$1",
   "Type": "DFF",
   "Mapping": "/top3/data_out2_reg[9][2]",
   "Phase": "+",
   "User Setup object phase inversion": "+",
   "User Setup mapped object phase inversion": "",
   "highlite": 0
  },
  {
   "Object": "/top3_data_out2_reg_3_0/U$1",
   "Type": "DFF",
   "Mapping": "/top3/data_out2_reg[3][0]",
   "Phase": "+",
   "User Setup object phase inversion": "+",
   "User Setup mapped object phase inversion": "",
   "highlite": 0
  },
  {
   "Object": "/top3_data_out2_reg_3_1/U$1",
   "Type": "DFF",
   "Mapping": "/top3/data_out2_reg[3][1]",
   "Phase": "+",
   "User Setup object phase inversion": "+",
   "User Setup mapped object phase inversion": "",
   "highlite": 0
  },
  {
   "Object": "/top3_data_out2_reg_11_7/U$1",
   "Type": "DFF",
   "Mapping": "/top3/data_out2_reg[11][7]",
   "Phase": "+",
   "User Setup object phase inversion": "+",
   "User Setup mapped object phase inversion": "",
   "highlite": 0
  },
  {
   "Object": "/top3_data_out2_reg_3_4/U$1",
   "Type": "DFF",
   "Mapping": "/top3/data_out2_reg[3][4]",
   "Phase": "+",
   "User Setup object phase inversion": "+",
   "User Setup mapped object phase inversion": "",
   "highlite": 0
  },
  {
   "Object": "/top3_data_out2_reg_3_5/U$1",
   "Type": "DFF",
   "Mapping": "/top3/data_out2_reg[3][5]",
   "Phase": "+",
   "User Setup object phase inversion": "+",
   "User Setup mapped object phase inversion": "",
   "highlite": 0
  },
  {
   "Object": "/top3_data_out2_reg_3_6/U$1",
   "Type": "DFF",
   "Mapping": "/top3/data_out2_reg[3][6]",
   "Phase": "+",
   "User Setup object phase inversion": "+",
   "User Setup mapped object phase inversion": "",
   "highlite": 0
  },
  {
   "Object": "/top3_data_out2_reg_3_3/U$1",
   "Type": "DFF",
   "Mapping": "/top3/data_out2_reg[3][3]",
   "Phase": "+",
   "User Setup object phase inversion": "+",
   "User Setup mapped object phase inversion": "",
   "highlite": 0
  },
  {
   "Object": "/top3_data_out2_reg_3_7/U$1",
   "Type": "DFF",
   "Mapping": "/top3/data_out2_reg[3][7]",
   "Phase": "+",
   "User Setup object phase inversion": "+",
   "User Setup mapped object phase inversion": "",
   "highlite": 0
  },
  {
   "Object": "/top3_data_out2_reg_11_1/U$1",
   "Type": "DFF",
   "Mapping": "/top3/data_out2_reg[11][1]",
   "Phase": "+",
   "User Setup object phase inversion": "+",
   "User Setup mapped object phase inversion": "",
   "highlite": 0
  },
  {
   "Object": "/top3_data_out2_reg_11_2/U$1",
   "Type": "DFF",
   "Mapping": "/top3/data_out2_reg[11][2]",
   "Phase": "+",
   "User Setup object phase inversion": "+",
   "User Setup mapped object phase inversion": "",
   "highlite": 0
  },
  {
   "Object": "/top3_data_out2_reg_11_5/U$1",
   "Type": "DFF",
   "Mapping": "/top3/data_out2_reg[11][5]",
   "Phase": "+",
   "User Setup object phase inversion": "+",
   "User Setup mapped object phase inversion": "",
   "highlite": 0
  },
  {
   "Object": "/top3_data_out2_reg_11_0/U$1",
   "Type": "DFF",
   "Mapping": "/top3/data_out2_reg[11][0]",
   "Phase": "+",
   "User Setup object phase inversion": "+",
   "User Setup mapped object phase inversion": "",
   "highlite": 0
  },
  {
   "Object": "/top3_data_out2_reg_11_4/U$1",
   "Type": "DFF",
   "Mapping": "/top3/data_out2_reg[11][4]",
   "Phase": "+",
   "User Setup object phase inversion": "+",
   "User Setup mapped object phase inversion": "",
   "highlite": 0
  },
  {
   "Object": "/top3_data_out2_reg_2_6/U$1",
   "Type": "DFF",
   "Mapping": "/top3/data_out2_reg[2][6]",
   "Phase": "+",
   "User Setup object phase inversion": "+",
   "User Setup mapped object phase inversion": "",
   "highlite": 0
  },
  {
   "Object": "/top3_data_out2_reg_2_5/U$1",
   "Type": "DFF",
   "Mapping": "/top3/data_out2_reg[2][5]",
   "Phase": "+",
   "User Setup object phase inversion": "+",
   "User Setup mapped object phase inversion": "",
   "highlite": 0
  },
  {
   "Object": "/top3_data_out2_reg_8_2/U$1",
   "Type": "DFF",
   "Mapping": "/top3/data_out2_reg[8][2]",
   "Phase": "+",
   "User Setup object phase inversion": "+",
   "User Setup mapped object phase inversion": "",
   "highlite": 0
  },
  {
   "Object": "/top3_data_out2_reg_0_0/U$1",
   "Type": "DFF",
   "Mapping": "/top3/data_out2_reg[0][0]",
   "Phase": "+",
   "User Setup object phase inversion": "+",
   "User Setup mapped object phase inversion": "",
   "highlite": 0
  },
  {
   "Object": "/top3_data_out2_reg_10_2/U$1",
   "Type": "DFF",
   "Mapping": "/top3/data_out2_reg[10][2]",
   "Phase": "+",
   "User Setup object phase inversion": "+",
   "User Setup mapped object phase inversion": "",
   "highlite": 0
  },
  {
   "Object": "/top3_data_out2_reg_2_3/U$1",
   "Type": "DFF",
   "Mapping": "/top3/data_out2_reg[2][3]",
   "Phase": "+",
   "User Setup object phase inversion": "+",
   "User Setup mapped object phase inversion": "",
   "highlite": 0
  },
  {
   "Object": "/top3_data_out2_reg_0_6/U$1",
   "Type": "DFF",
   "Mapping": "/top3/data_out2_reg[0][6]",
   "Phase": "+",
   "User Setup object phase inversion": "+",
   "User Setup mapped object phase inversion": "",
   "highlite": 0
  },
  {
   "Object": "/top3_data_out2_reg_0_7/U$1",
   "Type": "DFF",
   "Mapping": "/top3/data_out2_reg[0][7]",
   "Phase": "+",
   "User Setup object phase inversion": "+",
   "User Setup mapped object phase inversion": "",
   "highlite": 0
  },
  {
   "Object": "/top3_data_out2_reg_8_6/U$1",
   "Type": "DFF",
   "Mapping": "/top3/data_out2_reg[8][6]",
   "Phase": "+",
   "User Setup object phase inversion": "+",
   "User Setup mapped object phase inversion": "",
   "highlite": 0
  },
  {
   "Object": "/top3_data_out2_reg_2_4/U$1",
   "Type": "DFF",
   "Mapping": "/top3/data_out2_reg[2][4]",
   "Phase": "+",
   "User Setup object phase inversion": "+",
   "User Setup mapped object phase inversion": "",
   "highlite": 0
  },
  {
   "Object": "/top3_data_out2_reg_2_0/U$1",
   "Type": "DFF",
   "Mapping": "/top3/data_out2_reg[2][0]",
   "Phase": "+",
   "User Setup object phase inversion": "+",
   "User Setup mapped object phase inversion": "",
   "highlite": 0
  },
  {
   "Object": "/top3_data_out2_reg_2_1/U$1",
   "Type": "DFF",
   "Mapping": "/top3/data_out2_reg[2][1]",
   "Phase": "+",
   "User Setup object phase inversion": "+",
   "User Setup mapped object phase inversion": "",
   "highlite": 0
  },
  {
   "Object": "/top3_data_out2_reg_2_2/U$1",
   "Type": "DFF",
   "Mapping": "/top3/data_out2_reg[2][2]",
   "Phase": "+",
   "User Setup object phase inversion": "+",
   "User Setup mapped object phase inversion": "",
   "highlite": 0
  },
  {
   "Object": "/top2_r_ptr_reg_2/U$1",
   "Type": "DFF",
   "Mapping": "/top2/r_ptr_reg[2]",
   "Phase": "+",
   "User Setup object phase inversion": "+",
   "User Setup mapped object phase inversion": "",
   "highlite": 0
  },
  {
   "Object": "/top1_w_ptr_reg_1/U$1",
   "Type": "DFF",
   "Mapping": "/top1/w_ptr_reg[1]",
   "Phase": "+",
   "User Setup object phase inversion": "+",
   "User Setup mapped object phase inversion": "",
   "highlite": 0
  },
  {
   "Object": "/top3_data_out2_reg_10_1/U$1",
   "Type": "DFF",
   "Mapping": "/top3/data_out2_reg[10][1]",
   "Phase": "+",
   "User Setup object phase inversion": "+",
   "User Setup mapped object phase inversion": "",
   "highlite": 0
  },
  {
   "Object": "/top3_data_out2_reg_0_4/U$1",
   "Type": "DFF",
   "Mapping": "/top3/data_out2_reg[0][4]",
   "Phase": "+",
   "User Setup object phase inversion": "+",
   "User Setup mapped object phase inversion": "",
   "highlite": 0
  },
  {
   "Object": "/top3_data_out2_reg_0_5/U$1",
   "Type": "DFF",
   "Mapping": "/top3/data_out2_reg[0][5]",
   "Phase": "+",
   "User Setup object phase inversion": "+",
   "User Setup mapped object phase inversion": "",
   "highlite": 0
  },
  {
   "Object": "/top3_data_out2_reg_8_0/U$1",
   "Type": "DFF",
   "Mapping": "/top3/data_out2_reg[8][0]",
   "Phase": "+",
   "User Setup object phase inversion": "+",
   "User Setup mapped object phase inversion": "",
   "highlite": 0
  },
  {
   "Object": "/top3_data_out2_reg_8_3/U$1",
   "Type": "DFF",
   "Mapping": "/top3/data_out2_reg[8][3]",
   "Phase": "+",
   "User Setup object phase inversion": "+",
   "User Setup mapped object phase inversion": "",
   "highlite": 0
  },
  {
   "Object": "/top3_data_out2_reg_8_1/U$1",
   "Type": "DFF",
   "Mapping": "/top3/data_out2_reg[8][1]",
   "Phase": "+",
   "User Setup object phase inversion": "+",
   "User Setup mapped object phase inversion": "",
   "highlite": 0
  },
  {
   "Object": "/top3_data_out2_reg_8_7/U$1",
   "Type": "DFF",
   "Mapping": "/top3/data_out2_reg[8][7]",
   "Phase": "+",
   "User Setup object phase inversion": "+",
   "User Setup mapped object phase inversion": "",
   "highlite": 0
  },
  {
   "Object": "/top3_data_out2_reg_8_5/U$1",
   "Type": "DFF",
   "Mapping": "/top3/data_out2_reg[8][5]",
   "Phase": "+",
   "User Setup object phase inversion": "+",
   "User Setup mapped object phase inversion": "",
   "highlite": 0
  },
  {
   "Object": "/top3_data_out2_reg_8_4/U$1",
   "Type": "DFF",
   "Mapping": "/top3/data_out2_reg[8][4]",
   "Phase": "+",
   "User Setup object phase inversion": "+",
   "User Setup mapped object phase inversion": "",
   "highlite": 0
  },
  {
   "Object": "/top3_data_out2_reg_2_7/U$1",
   "Type": "DFF",
   "Mapping": "/top3/data_out2_reg[2][7]",
   "Phase": "+",
   "User Setup object phase inversion": "+",
   "User Setup mapped object phase inversion": "",
   "highlite": 0
  },
  {
   "Object": "/top3_data_out2_reg_10_4/U$1",
   "Type": "DFF",
   "Mapping": "/top3/data_out2_reg[10][4]",
   "Phase": "+",
   "User Setup object phase inversion": "+",
   "User Setup mapped object phase inversion": "",
   "highlite": 0
  },
  {
   "Object": "/top3_data_out2_reg_10_5/U$1",
   "Type": "DFF",
   "Mapping": "/top3/data_out2_reg[10][5]",
   "Phase": "+",
   "User Setup object phase inversion": "+",
   "User Setup mapped object phase inversion": "",
   "highlite": 0
  },
  {
   "Object": "/top3_data_out2_reg_10_6/U$1",
   "Type": "DFF",
   "Mapping": "/top3/data_out2_reg[10][6]",
   "Phase": "+",
   "User Setup object phase inversion": "+",
   "User Setup mapped object phase inversion": "",
   "highlite": 0
  },
  {
   "Object": "/top3_data_out2_reg_10_7/U$1",
   "Type": "DFF",
   "Mapping": "/top3/data_out2_reg[10][7]",
   "Phase": "+",
   "User Setup object phase inversion": "+",
   "User Setup mapped object phase inversion": "",
   "highlite": 0
  },
  {
   "Object": "/top3_data_out2_reg_10_0/U$1",
   "Type": "DFF",
   "Mapping": "/top3/data_out2_reg[10][0]",
   "Phase": "+",
   "User Setup object phase inversion": "+",
   "User Setup mapped object phase inversion": "",
   "highlite": 0
  },
  {
   "Object": "/top3_data_out2_reg_0_1/U$1",
   "Type": "DFF",
   "Mapping": "/top3/data_out2_reg[0][1]",
   "Phase": "+",
   "User Setup object phase inversion": "+",
   "User Setup mapped object phase inversion": "",
   "highlite": 0
  },
  {
   "Object": "/top3_data_out2_reg_0_2/U$1",
   "Type": "DFF",
   "Mapping": "/top3/data_out2_reg[0][2]",
   "Phase": "+",
   "User Setup object phase inversion": "+",
   "User Setup mapped object phase inversion": "",
   "highlite": 0
  },
  {
   "Object": "/top3_data_out2_reg_0_3/U$1",
   "Type": "DFF",
   "Mapping": "/top3/data_out2_reg[0][3]",
   "Phase": "+",
   "User Setup object phase inversion": "+",
   "User Setup mapped object phase inversion": "",
   "highlite": 0
  },
  {
   "Object": "/top3_data_out2_reg_10_3/U$1",
   "Type": "DFF",
   "Mapping": "/top3/data_out2_reg[10][3]",
   "Phase": "+",
   "User Setup object phase inversion": "+",
   "User Setup mapped object phase inversion": "",
   "highlite": 0
  },
  {
   "Object": "/top2_r_ptr_reg_1/U$1",
   "Type": "DFF",
   "Mapping": "/top2/r_ptr_reg[1]",
   "Phase": "+",
   "User Setup object phase inversion": "+",
   "User Setup mapped object phase inversion": "",
   "highlite": 0
  },
  {
   "Object": "/top4_fifo_underflow_flag_reg/U$1",
   "Type": "DFF",
   "Mapping": "/top4/fifo_underflow_flag_reg",
   "Phase": "+",
   "User Setup object phase inversion": "+",
   "User Setup mapped object phase inversion": "",
   "highlite": 0
  },
  {
   "Object": "/top1_w_ptr_reg_0/U$1",
   "Type": "DFF",
   "Mapping": "/top1/w_ptr_reg[0]",
   "Phase": "+",
   "User Setup object phase inversion": "+",
   "User Setup mapped object phase inversion": "",
   "highlite": 0
  },
  {
   "Object": "/top4_fifo_overflow_flag_reg/U$1",
   "Type": "DFF",
   "Mapping": "/top4/fifo_overflow_flag_reg",
   "Phase": "+",
   "User Setup object phase inversion": "+",
   "User Setup mapped object phase inversion": "",
   "highlite": 0
  },
  {
   "Object": "/top2_r_ptr_reg_0/U$1",
   "Type": "DFF",
   "Mapping": "/top2/r_ptr_reg[0]",
   "Phase": "+",
   "User Setup object phase inversion": "+",
   "User Setup mapped object phase inversion": "",
   "highlite": 0
  }
 ],
 "cols": [
  {
   "key": "Object"
  },
  {
   "key": "Type"
  },
  {
   "key": "Mapping"
  },
  {
   "key": "Phase"
  },
  {
   "key": "User Setup object phase inversion"
  },
  {
   "key": "User Setup mapped object phase inversion"
  }
 ],
 "sort": [
  "-highlite"
 ]
}